{
  "ticker": "JPM",
  "fiscal_year": 2024,
  "metrics": {
    "Revenue": 383285.0,
    "EBITDA": 49500.0,
    "Total Debt": 1349362.0,
    "Cash": 526780.0,
    "Net Debt": 822582.0,
    "Net Income": 95821.25
  },
  "ratios": {
    "Leverage (Debt/EBITDA)": 27.26,
    "Interest Coverage": 0.73
  },
  "valuation": {
    "dcf": {
      "enterprise_value": 621169.6734501945,
      "equity_value": -201412.32654980547,
      "share_price": -13.427488436653698,
      "wacc": 0.09,
      "growth_rate": 0.03,
      "base_fcf": 34650.0,
      "mock_shares": 15000.0
    },
    "risk_model": {
      "z_score": 0.41,
      "pd_category": "Grey",
      "regulatory_rating": "DOUBTFUL (Grade 5)",
      "lgd": 0.45,
      "pd_1yr": 0.02,
      "credit_rating": "BBB",
      "rationale": "Z-Score 0.41, Leverage 27.3x"
    },
    "forward_view": {
      "price_targets": {
        "bull": -16.78,
        "base": -13.43,
        "bear": -10.07
      },
      "conviction_score": 85,
      "rationale": "Strong fundamentals extracted from 10-K."
    }
  },
  "consensus": {
    "revenue": {
      "mean": 388506.461872979,
      "high": 427357.10806027695,
      "low": 349655.8156856811,
      "system_delta_pct": -0.013439832758009956
    },
    "ebitda": {
      "mean": 45751.69106087809,
      "high": 52614.4447200098,
      "low": 38888.93740174638,
      "system_delta_pct": 0.08192722175305692
    },
    "sentiment": "BEARISH"
  },
  "source": "RAG Extraction (10-K)"
}