{
  "ticker": "META",
  "fiscal_year": 2024,
  "metrics": {
    "Revenue": 383285.0,
    "EBITDA": 31838.4,
    "Total Debt": 24005.600000000002,
    "Cash": 14680.0,
    "Net Debt": 9325.600000000002,
    "Net Income": 95821.25
  },
  "ratios": {
    "Leverage (Debt/EBITDA)": 0.75,
    "Interest Coverage": 26.53
  },
  "valuation": {
    "dcf": {
      "enterprise_value": 399536.3339631652,
      "equity_value": 390210.7339631652,
      "share_price": 26.01404893087768,
      "wacc": 0.09,
      "growth_rate": 0.03,
      "base_fcf": 22286.88,
      "mock_shares": 15000.0
    },
    "risk_model": {
      "z_score": 5.65,
      "pd_category": "Safe",
      "regulatory_rating": "PASS (Grade 1)",
      "lgd": 0.45,
      "pd_1yr": 0.005,
      "credit_rating": "AA",
      "rationale": "Z-Score 5.65, Leverage 0.8x"
    },
    "forward_view": {
      "price_targets": {
        "bull": 32.52,
        "base": 26.01,
        "bear": 19.51
      },
      "conviction_score": 85,
      "rationale": "Strong fundamentals extracted from 10-K."
    }
  },
  "consensus": {
    "revenue": {
      "mean": 397576.1253144573,
      "high": 437333.73784590303,
      "low": 357818.51278301154,
      "system_delta_pct": -0.035945632558177176
    },
    "ebitda": {
      "mean": 31224.809865729323,
      "high": 35908.531345588715,
      "low": 26541.088385869924,
      "system_delta_pct": 0.01965072443704844
    },
    "sentiment": "BEARISH"
  },
  "source": "RAG Extraction (10-K)"
}