{
  "ticker": "MSFT",
  "fiscal_year": 2024,
  "metrics": {
    "Revenue": 383285.0,
    "EBITDA": 97376.4,
    "Total Debt": 73702.40000000001,
    "Cash": 48366.0,
    "Net Debt": 25336.40000000001,
    "Net Income": 95821.25
  },
  "ratios": {
    "Leverage (Debt/EBITDA)": 0.76,
    "Interest Coverage": 26.42
  },
  "valuation": {
    "dcf": {
      "enterprise_value": 1221964.9816112225,
      "equity_value": 1196628.5816112226,
      "share_price": 79.7752387740815,
      "wacc": 0.09,
      "growth_rate": 0.03,
      "base_fcf": 68163.48,
      "mock_shares": 15000.0
    },
    "risk_model": {
      "z_score": 3.81,
      "pd_category": "Safe",
      "regulatory_rating": "PASS (Grade 1)",
      "lgd": 0.45,
      "pd_1yr": 0.005,
      "credit_rating": "AA",
      "rationale": "Z-Score 3.81, Leverage 0.8x"
    },
    "forward_view": {
      "price_targets": {
        "bull": 99.72,
        "base": 79.78,
        "bear": 59.83
      },
      "conviction_score": 85,
      "rationale": "Strong fundamentals extracted from 10-K."
    }
  },
  "consensus": {
    "revenue": {
      "mean": 373569.08164285554,
      "high": 410925.98980714113,
      "low": 336212.17347857,
      "system_delta_pct": 0.02600835785021738
    },
    "ebitda": {
      "mean": 100829.68889691366,
      "high": 115954.1422314507,
      "low": 85705.2355623766,
      "system_delta_pct": -0.03424873105027871
    },
    "sentiment": "BULLISH"
  },
  "source": "RAG Extraction (10-K)"
}