{
  "ticker": "NVDA",
  "fiscal_year": 2024,
  "metrics": {
    "Revenue": 383285.0,
    "EBITDA": 6134.7,
    "Total Debt": 7632.400000000001,
    "Cash": 3389.0,
    "Net Debt": 4243.400000000001,
    "Net Income": 95821.25
  },
  "ratios": {
    "Leverage (Debt/EBITDA)": 1.24,
    "Interest Coverage": 16.08
  },
  "valuation": {
    "dcf": {
      "enterprise_value": 76983.62819626078,
      "equity_value": 72740.22819626078,
      "share_price": 4.849348546417385,
      "wacc": 0.09,
      "growth_rate": 0.03,
      "base_fcf": 4294.29,
      "mock_shares": 15000.0
    },
    "risk_model": {
      "z_score": 11.89,
      "pd_category": "Safe",
      "regulatory_rating": "PASS (Grade 1)",
      "lgd": 0.45,
      "pd_1yr": 0.005,
      "credit_rating": "AA",
      "rationale": "Z-Score 11.89, Leverage 1.2x"
    },
    "forward_view": {
      "price_targets": {
        "bull": 6.06,
        "base": 4.85,
        "bear": 3.64
      },
      "conviction_score": 85,
      "rationale": "Strong fundamentals extracted from 10-K."
    }
  },
  "consensus": {
    "revenue": {
      "mean": 365721.8379927088,
      "high": 402294.02179197967,
      "low": 329149.6541934379,
      "system_delta_pct": 0.04802327939640664
    },
    "ebitda": {
      "mean": 5875.6673885290975,
      "high": 6757.017496808461,
      "low": 4994.317280249733,
      "system_delta_pct": 0.04408564922796762
    },
    "sentiment": "BULLISH"
  },
  "source": "RAG Extraction (10-K)"
}