{
  "ticker": "TSLA",
  "fiscal_year": 2024,
  "metrics": {
    "Revenue": 383285.0,
    "EBITDA": 15021.6,
    "Total Debt": 14576.0,
    "Cash": 16253.0,
    "Net Debt": -1677.0,
    "Net Income": 95821.25
  },
  "ratios": {
    "Leverage (Debt/EBITDA)": 0.97,
    "Interest Coverage": 20.61
  },
  "valuation": {
    "dcf": {
      "enterprise_value": 188504.29023635233,
      "equity_value": 190181.29023635233,
      "share_price": 12.67875268242349,
      "wacc": 0.09,
      "growth_rate": 0.03,
      "base_fcf": 10515.119999999999,
      "mock_shares": 15000.0
    },
    "risk_model": {
      "z_score": 7.46,
      "pd_category": "Safe",
      "regulatory_rating": "PASS (Grade 1)",
      "lgd": 0.45,
      "pd_1yr": 0.005,
      "credit_rating": "AA",
      "rationale": "Z-Score 7.46, Leverage 1.0x"
    },
    "forward_view": {
      "price_targets": {
        "bull": 15.85,
        "base": 12.68,
        "bear": 9.51
      },
      "conviction_score": 85,
      "rationale": "Strong fundamentals extracted from 10-K."
    }
  },
  "consensus": {
    "revenue": {
      "mean": 397962.2782374832,
      "high": 437758.50606123154,
      "low": 358166.05041373486,
      "system_delta_pct": -0.03688107903715572
    },
    "ebitda": {
      "mean": 13874.723747368376,
      "high": 15955.932309473632,
      "low": 11793.515185263119,
      "system_delta_pct": 0.08265939369417373
    },
    "sentiment": "BEARISH"
  },
  "source": "RAG Extraction (10-K)"
}