{
  "gnn_risk_analysis": {
    "model": "GAT",
    "top_risky_nodes": [
      [
        "RiskProfile",
        0.6969138383865356
      ],
      [
        "ESGScore",
        0.6969138383865356
      ],
      [
        "InterestRate",
        0.6969138383865356
      ],
      [
        "CyberAttack",
        0.6969138383865356
      ],
      [
        "NewsArticle",
        0.6969138383865356
      ],
      [
        "SocialMediaPost",
        0.6969138383865356
      ],
      [
        "Apple Inc.",
        0.6969138383865356
      ],
      [
        "Company",
        0.6969137787818909
      ],
      [
        "FinancialReport",
        0.6969137787818909
      ],
      [
        "FinancialData",
        0.6969137787818909
      ]
    ]
  },
  "federated_learning": {
    "mode": "FinGraphFL",
    "training_history": [
      {
        "round": 1,
        "loss": 10.234120082855226,
        "accuracy": 0.59
      },
      {
        "round": 2,
        "loss": 14.821059481302896,
        "accuracy": 0.64
      },
      {
        "round": 3,
        "loss": 15.21865863800049,
        "accuracy": 0.64
      }
    ]
  },
  "oswm_simulation": {
    "scenario_type": "Market Recovery (PFN)",
    "data": {
      "context": [
        100.10528876015746,
        99.424507567205,
        98.54649452687751,
        97.40256932928466,
        96.5704471314305,
        95.33734368171788,
        94.69924105195716,
        93.3763358473451,
        92.67059734299276,
        91.28241261482624
      ],
      "prediction": [
        3.278953790664673,
        2.6389472484588623,
        2.6141812801361084,
        2.615004777908325,
        2.6132285594940186,
        2.608318328857422,
        2.600945234298706,
        2.592027425765991,
        2.581348180770874,
        2.569990873336792
      ]
    }
  }
}